class,precision,recall,f1,specificity,support
Low,0.40183847669074196,0.37731196054254007,0.3891891891891892,0.8211621515508442,1622
Medium,0.25,0.0010395010395010396,0.002070393374741201,0.9994786235662148,962
High,0.4768361581920904,0.179421768707483,0.26073524868705594,0.8939046746104491,2352
Severe,0.2802044609665427,0.6775280898876405,0.39644970414201186,0.37236628849270664,1780
