class,precision,recall,f1,specificity,support
Low,0.2878787878787879,0.4956521739130435,0.36421725239616615,0.6337662337662338,115
Medium,0.0,0.0,0.0,1.0,71
High,1.0,0.005780346820809248,0.011494252873563218,1.0,173
Severe,0.26245847176079734,0.5602836879432624,0.3574660633484163,0.3816155988857939,141
