class,precision,recall,f1,specificity,support
Low,0.23648648648648649,0.30434782608695654,0.2661596958174905,0.7064935064935065,115
Medium,0.044444444444444446,0.028169014084507043,0.034482758620689655,0.8997668997668997,71
High,0.3884297520661157,0.27167630057803466,0.3197278911564626,0.7737003058103975,173
Severe,0.27419354838709675,0.3617021276595745,0.3119266055045872,0.6239554317548747,141
