class,precision,recall,f1,specificity,support
Low,0.603359173126615,0.2879161528976572,0.38981636060100167,0.9397330192383196,1622
Medium,0.1909196740395809,0.5114345114345115,0.27804464538005086,0.637643378519291,962
High,0.439540059347181,0.5038265306122449,0.4694928684627575,0.6537580201649863,2352
Severe,0.5560538116591929,0.20898876404494382,0.3037974683544304,0.9398298217179902,1780
